1,Test log,Info,Data,12/15/2021 12:00:00 AM
2,verifying admin,Info,View,12/15/2021 3:04:43 PM
3,checking user in database,Info,Data,12/15/2021 3:04:52 PM
4,Inserting user,Info,DataStore,12/15/2021 3:04:54 PM
5,Failed to create user,Error,DataStore,12/15/2021 3:05:40 PM
6,verifying admin,Info,View,12/15/2021 3:32:20 PM
7,User does not exist,Error,View,12/15/2021 3:32:20 PM
8,checking user in database,Info,Data,12/15/2021 3:32:20 PM
9,Inserting user,Info,DataStore,12/15/2021 3:32:20 PM
10,Inserted user.,Info,DataStore,12/15/2021 3:32:20 PM
11,verifying admin,Info,View,12/15/2021 3:37:27 PM
12,Test log,Info,Data,12/15/2021 12:00:00 AM
13,Test log,Info,Data,12/15/2021 12:00:00 AM
14,User does not exist,Error,View,12/15/2021 3:37:35 PM
15,verifying admin,Info,View,12/15/2021 3:37:43 PM
16,checking user in database,Info,Data,12/15/2021 3:37:43 PM
17,verifying admin,Info,View,12/15/2021 3:37:43 PM
18,Unable to export all users to file.,Error,View,12/15/2021 3:37:43 PM
19,verifying admin,Info,View,12/15/2021 3:37:45 PM
20,User does not exist,Error,View,12/15/2021 3:37:45 PM
21,checking user in database,Info,Data,12/15/2021 3:37:45 PM
22,Inserting user,Info,DataStore,12/15/2021 3:37:45 PM
23,Inserted user.,Info,DataStore,12/15/2021 3:37:45 PM
24,verifying admin,Info,View,12/15/2021 3:37:45 PM
25,User does not exist,Error,View,12/15/2021 3:38:27 PM
26,Test log,Info,Data,12/15/2021 12:00:00 AM
27,verifying admin,Info,View,12/15/2021 3:44:44 PM
28,Test log,Info,Data,12/15/2021 12:00:00 AM
29,User does not exist,Error,View,12/15/2021 3:44:44 PM
30,verifying admin,Info,View,12/15/2021 3:44:44 PM
31,checking user in database,Info,Data,12/15/2021 3:44:44 PM
32,verifying admin,Info,View,12/15/2021 3:44:44 PM
33,Unable to export all users to file.,Error,View,12/15/2021 3:44:44 PM
34,verifying admin,Info,View,12/15/2021 3:44:44 PM
35,User does not exist,Error,View,12/15/2021 3:44:44 PM
36,checking user in database,Info,Data,12/15/2021 3:44:44 PM
37,Inserting user,Info,DataStore,12/15/2021 3:44:44 PM
38,Failed to create user,Error,DataStore,12/15/2021 3:44:44 PM
39,verifying admin,Info,View,12/15/2021 3:44:44 PM
40,User does not exist,Error,View,12/15/2021 3:44:44 PM
41,verifying admin,Info,View,12/15/2021 3:44:44 PM
42,checking user in database,Info,Data,12/15/2021 3:44:44 PM
43,Inserting user,Info,DataStore,12/15/2021 3:44:44 PM
44,Failed to create user,Error,DataStore,12/15/2021 3:44:44 PM
45,verifying admin,Info,View,12/15/2021 3:44:44 PM
46,verifying admin,Info,View,12/15/2021 3:44:44 PM
47,verifying admin,Info,View,12/15/2021 3:44:44 PM
48,User does not exist,Error,View,12/15/2021 3:44:44 PM
49,verifying admin,Info,View,12/15/2021 3:44:44 PM
50,Fetching all users.,Info,DataStore,12/15/2021 3:44:44 PM
51,verifying admin,Info,View,12/15/2021 3:44:44 PM
52,verifying admin,Info,View,12/15/2021 3:44:44 PM
53,User does not exist,Error,View,12/15/2021 3:44:44 PM
54,verifying admin,Info,View,12/15/2021 3:44:44 PM
55,verifying admin,Info,View,12/15/2021 3:45:31 PM
56,User does not exist,Error,View,12/15/2021 3:45:55 PM
57,checking user in database,Info,Data,12/15/2021 3:46:17 PM
58,Inserting user,Info,DataStore,12/15/2021 3:46:22 PM
59,verifying admin,Info,View,12/15/2021 3:48:21 PM
60,User does not exist,Error,View,12/15/2021 3:48:29 PM
61,checking user in database,Info,Data,12/15/2021 3:48:41 PM
62,Inserting user,Info,DataStore,12/15/2021 3:48:42 PM
63,verifying admin,Info,View,12/15/2021 3:52:56 PM
64,User does not exist,Error,View,12/15/2021 3:52:56 PM
65,checking user in database,Info,Data,12/15/2021 3:53:01 PM
66,Inserting user,Info,DataStore,12/15/2021 3:53:04 PM
67,Failed to create user,Error,DataStore,12/15/2021 3:54:26 PM
68,Test log,Info,Data,12/15/2021 12:00:00 AM
69,verifying admin,Info,View,12/15/2021 3:56:18 PM
70,Test log,Info,Data,12/15/2021 12:00:00 AM
71,User does not exist,Error,View,12/15/2021 3:56:18 PM
72,verifying admin,Info,View,12/15/2021 3:56:18 PM
73,checking user in database,Info,Data,12/15/2021 3:56:18 PM
74,verifying admin,Info,View,12/15/2021 3:56:18 PM
75,Unable to export all users to file.,Error,View,12/15/2021 3:56:18 PM
76,verifying admin,Info,View,12/15/2021 3:56:18 PM
77,User does not exist,Error,View,12/15/2021 3:56:18 PM
78,checking user in database,Info,Data,12/15/2021 3:56:18 PM
79,Inserting user,Info,DataStore,12/15/2021 3:56:18 PM
80,Account creation unsuccessful. Account already exi,Error,DataStore,12/15/2021 3:56:18 PM
81,verifying admin,Info,View,12/15/2021 3:56:18 PM
82,User does not exist,Error,View,12/15/2021 3:56:18 PM
83,verifying admin,Info,View,12/15/2021 3:56:18 PM
84,checking user in database,Info,Data,12/15/2021 3:56:18 PM
85,Inserting user,Info,DataStore,12/15/2021 3:56:18 PM
86,User account record creation successful.,Error,DataStore,12/15/2021 3:56:18 PM
87,verifying admin,Info,View,12/15/2021 3:56:18 PM
88,verifying admin,Info,View,12/15/2021 3:56:18 PM
89,verifying admin,Info,View,12/15/2021 3:56:18 PM
90,User does not exist,Error,View,12/15/2021 3:56:18 PM
91,verifying admin,Info,View,12/15/2021 3:56:18 PM
92,Fetching all users.,Info,DataStore,12/15/2021 3:56:18 PM
93,verifying admin,Info,View,12/15/2021 3:56:18 PM
94,verifying admin,Info,View,12/15/2021 3:56:18 PM
95,User does not exist,Error,View,12/15/2021 3:56:18 PM
96,verifying admin,Info,View,12/15/2021 3:56:18 PM
97,verifying admin,Info,View,12/15/2021 3:56:52 PM
98,verifying admin,Info,View,12/15/2021 3:58:21 PM
99,verifying admin,Info,View,12/15/2021 4:26:18 PM
100,Test log,Info,Data,12/15/2021 12:00:00 AM
101,Test log,Info,Data,12/15/2021 12:00:00 AM
102,Modifying user,Info,DataStore,12/15/2021 4:26:18 PM
103,Account modification unsuccessful.,Info,DataStore,12/15/2021 4:26:18 PM
104,verifying admin,Info,View,12/15/2021 4:26:18 PM
105,checking user in database,Info,Data,12/15/2021 4:26:18 PM
106,verifying admin,Info,View,12/15/2021 4:26:18 PM
107,Unable to export all users to file.,Error,View,12/15/2021 4:26:18 PM
108,verifying admin,Info,View,12/15/2021 4:26:18 PM
109,Modifying user,Info,DataStore,12/15/2021 4:26:18 PM
110,Account modification unsuccessful.,Info,DataStore,12/15/2021 4:26:18 PM
111,checking user in database,Info,Data,12/15/2021 4:26:18 PM
112,Inserting user,Info,DataStore,12/15/2021 4:26:18 PM
113,Account creation unsuccessful. Account already exi,Error,DataStore,12/15/2021 4:26:18 PM
114,verifying admin,Info,View,12/15/2021 4:26:18 PM
115,Modifying user,Info,DataStore,12/15/2021 4:26:18 PM
116,Failed to modify user,Error,DataStore,12/15/2021 4:26:18 PM
117,verifying admin,Info,View,12/15/2021 4:26:18 PM
118,checking user in database,Info,Data,12/15/2021 4:26:18 PM
119,Inserting user,Info,DataStore,12/15/2021 4:26:18 PM
120,Account creation unsuccessful. Account already exi,Error,DataStore,12/15/2021 4:26:18 PM
121,verifying admin,Info,View,12/15/2021 4:26:18 PM
122,verifying admin,Info,View,12/15/2021 4:26:18 PM
123,verifying admin,Info,View,12/15/2021 4:26:18 PM
124,Modifying user,Info,DataStore,12/15/2021 4:26:18 PM
125,Account modification unsuccessful.,Info,DataStore,12/15/2021 4:26:18 PM
126,verifying admin,Info,View,12/15/2021 4:26:18 PM
127,Fetching all users.,Info,DataStore,12/15/2021 4:26:18 PM
128,verifying admin,Info,View,12/15/2021 4:26:18 PM
129,verifying admin,Info,View,12/15/2021 4:26:18 PM
130,Modifying user,Info,DataStore,12/15/2021 4:26:18 PM
131,Account modification unsuccessful.,Info,DataStore,12/15/2021 4:26:18 PM
132,verifying admin,Info,View,12/15/2021 4:26:18 PM
133,verifying admin,Info,View,12/15/2021 4:26:49 PM
134,Modifying user,Info,DataStore,12/15/2021 4:27:29 PM
135,Account modification unsuccessful.,Info,DataStore,12/15/2021 4:28:38 PM
136,checking user in database,Info,Data,12/15/2021 4:28:45 PM
137,Inserting user,Info,DataStore,12/15/2021 4:28:45 PM
138,Account creation unsuccessful. Account already exi,Error,DataStore,12/15/2021 4:28:45 PM
139,verifying admin,Info,View,12/15/2021 4:30:17 PM
140,Modifying user,Info,DataStore,12/15/2021 4:30:17 PM
141,User account modification successful.,Error,DataStore,12/15/2021 4:30:17 PM
142,checking user in database,Info,Data,12/15/2021 4:30:17 PM
143,Inserting user,Info,DataStore,12/15/2021 4:30:17 PM
144,Account creation unsuccessful. Account already exi,Error,DataStore,12/15/2021 4:30:17 PM
145,verifying admin,Info,View,12/15/2021 4:30:50 PM
146,Modifying user,Info,DataStore,12/15/2021 4:30:50 PM
147,User account modification successful.,Error,DataStore,12/15/2021 4:30:50 PM
148,checking user in database,Info,Data,12/15/2021 4:31:52 PM
149,Inserting user,Info,DataStore,12/15/2021 4:31:58 PM
150,verifying admin,Info,View,12/15/2021 4:32:26 PM
151,Modifying user,Info,DataStore,12/15/2021 4:32:37 PM
152,verifying admin,Info,View,12/15/2021 4:36:08 PM
153,Modifying user,Info,DataStore,12/15/2021 4:36:08 PM
154,User account modification successful.,Error,DataStore,12/15/2021 4:36:09 PM
155,checking user in database,Info,Data,12/15/2021 4:36:09 PM
156,Inserting user,Info,DataStore,12/15/2021 4:36:09 PM
157,User account record creation successful.,Error,DataStore,12/15/2021 4:36:09 PM
158,Test log,Info,Data,12/15/2021 12:00:00 AM
159,verifying admin,Info,View,12/15/2021 4:36:18 PM
160,Test log,Info,Data,12/15/2021 12:00:00 AM
161,Modifying user,Info,DataStore,12/15/2021 4:36:18 PM
162,User account modification successful.,Error,DataStore,12/15/2021 4:36:18 PM
163,verifying admin,Info,View,12/15/2021 4:36:18 PM
164,checking user in database,Info,Data,12/15/2021 4:36:18 PM
165,verifying admin,Info,View,12/15/2021 4:36:18 PM
166,Unable to export all users to file.,Error,View,12/15/2021 4:36:18 PM
167,verifying admin,Info,View,12/15/2021 4:36:18 PM
168,Modifying user,Info,DataStore,12/15/2021 4:36:18 PM
169,User account modification successful.,Error,DataStore,12/15/2021 4:36:18 PM
170,checking user in database,Info,Data,12/15/2021 4:36:18 PM
171,Inserting user,Info,DataStore,12/15/2021 4:36:18 PM
172,User account record creation successful.,Error,DataStore,12/15/2021 4:36:18 PM
173,verifying admin,Info,View,12/15/2021 4:36:18 PM
174,Modifying user,Info,DataStore,12/15/2021 4:36:18 PM
175,Account modification unsuccessful.,Error,DataStore,12/15/2021 4:36:18 PM
176,verifying admin,Info,View,12/15/2021 4:36:18 PM
177,checking user in database,Info,Data,12/15/2021 4:36:18 PM
178,Inserting user,Info,DataStore,12/15/2021 4:36:18 PM
179,Account creation unsuccessful. Account already exi,Error,DataStore,12/15/2021 4:36:18 PM
180,verifying admin,Info,View,12/15/2021 4:36:18 PM
181,verifying admin,Info,View,12/15/2021 4:36:18 PM
182,verifying admin,Info,View,12/15/2021 4:36:18 PM
183,Modifying user,Info,DataStore,12/15/2021 4:36:18 PM
184,User account modification successful.,Error,DataStore,12/15/2021 4:36:18 PM
185,verifying admin,Info,View,12/15/2021 4:36:18 PM
186,Fetching all users.,Info,DataStore,12/15/2021 4:36:18 PM
187,verifying admin,Info,View,12/15/2021 4:36:18 PM
188,verifying admin,Info,View,12/15/2021 4:36:18 PM
189,User does not exist,Error,View,12/15/2021 4:36:18 PM
190,verifying admin,Info,View,12/15/2021 4:36:18 PM
191,verifying admin,Info,View,12/15/2021 4:39:13 PM
192,verifying admin,Info,View,12/15/2021 4:40:24 PM
193,User does not exist,Error,View,12/15/2021 4:40:39 PM
194,verifying admin,Info,View,12/15/2021 4:41:41 PM
195,Test log,Info,Data,12/15/2021 12:00:00 AM
196,checking user in database,Info,Data,12/15/2021 4:41:42 PM
197,Inserting user,Info,DataStore,12/15/2021 4:41:42 PM
198,User account record creation successful.,Error,DataStore,12/15/2021 4:41:42 PM
199,Test log,Info,Data,12/15/2021 12:00:00 AM
200,Modifying user,Info,DataStore,12/15/2021 4:41:42 PM
201,User account modification successful.,Error,DataStore,12/15/2021 4:41:42 PM
202,verifying admin,Info,View,12/15/2021 4:41:42 PM
203,checking user in database,Info,Data,12/15/2021 4:41:42 PM
204,verifying admin,Info,View,12/15/2021 4:41:42 PM
205,Unable to export all users to file.,Error,View,12/15/2021 4:41:42 PM
206,verifying admin,Info,View,12/15/2021 4:41:42 PM
207,Modifying user,Info,DataStore,12/15/2021 4:41:42 PM
208,User account modification successful.,Error,DataStore,12/15/2021 4:41:42 PM
209,checking user in database,Info,Data,12/15/2021 4:41:42 PM
210,Inserting user,Info,DataStore,12/15/2021 4:41:42 PM
211,User account record creation successful.,Error,DataStore,12/15/2021 4:41:42 PM
212,verifying admin,Info,View,12/15/2021 4:41:42 PM
213,Modifying user,Info,DataStore,12/15/2021 4:41:42 PM
214,Account modification unsuccessful.,Error,DataStore,12/15/2021 4:41:42 PM
215,verifying admin,Info,View,12/15/2021 4:41:42 PM
216,checking user in database,Info,Data,12/15/2021 4:41:42 PM
217,Inserting user,Info,DataStore,12/15/2021 4:41:42 PM
218,Account creation unsuccessful. Account already exi,Error,DataStore,12/15/2021 4:41:42 PM
219,verifying admin,Info,View,12/15/2021 4:41:42 PM
220,verifying admin,Info,View,12/15/2021 4:41:42 PM
221,verifying admin,Info,View,12/15/2021 4:41:42 PM
222,Modifying user,Info,DataStore,12/15/2021 4:41:42 PM
223,User account modification successful.,Error,DataStore,12/15/2021 4:41:42 PM
224,verifying admin,Info,View,12/15/2021 4:41:42 PM
225,Fetching all users.,Info,DataStore,12/15/2021 4:41:42 PM
226,verifying admin,Info,View,12/15/2021 4:41:42 PM
227,verifying admin,Info,View,12/15/2021 4:41:42 PM
228,checking user in database,Info,Data,12/15/2021 4:41:42 PM
229,Inserting user,Info,DataStore,12/15/2021 4:41:42 PM
230,User account record creation successful.,Error,DataStore,12/15/2021 4:41:42 PM
231,Modifying user,Info,DataStore,12/15/2021 4:41:42 PM
232,User account modification successful.,Error,DataStore,12/15/2021 4:41:42 PM
233,verifying admin,Info,View,12/15/2021 4:41:42 PM
234,verifying admin,Info,View,12/15/2021 4:42:21 PM
235,Test log,Info,Data,12/15/2021 12:00:00 AM
236,checking user in database,Info,Data,12/15/2021 4:42:21 PM
237,Inserting user,Info,DataStore,12/15/2021 4:42:21 PM
238,Account creation unsuccessful. Account already exi,Error,DataStore,12/15/2021 4:42:21 PM
239,Test log,Info,Data,12/15/2021 12:00:00 AM
240,Modifying user,Info,DataStore,12/15/2021 4:42:21 PM
241,User account modification successful.,Error,DataStore,12/15/2021 4:42:21 PM
242,verifying admin,Info,View,12/15/2021 4:42:21 PM
243,checking user in database,Info,Data,12/15/2021 4:42:21 PM
244,verifying admin,Info,View,12/15/2021 4:42:21 PM
245,Unable to export all users to file.,Error,View,12/15/2021 4:42:21 PM
246,verifying admin,Info,View,12/15/2021 4:42:21 PM
247,Modifying user,Info,DataStore,12/15/2021 4:42:21 PM
248,User account modification successful.,Error,DataStore,12/15/2021 4:42:21 PM
249,checking user in database,Info,Data,12/15/2021 4:42:21 PM
250,Inserting user,Info,DataStore,12/15/2021 4:42:21 PM
251,User account record creation successful.,Error,DataStore,12/15/2021 4:42:21 PM
252,verifying admin,Info,View,12/15/2021 4:42:21 PM
253,checking user in database,Info,Data,12/15/2021 4:42:21 PM
254,Inserting user,Info,DataStore,12/15/2021 4:42:21 PM
255,Account creation unsuccessful. Account already exi,Error,DataStore,12/15/2021 4:42:21 PM
256,Modifying user,Info,DataStore,12/15/2021 4:42:21 PM
257,Account modification unsuccessful.,Error,DataStore,12/15/2021 4:42:21 PM
258,verifying admin,Info,View,12/15/2021 4:42:21 PM
259,checking user in database,Info,Data,12/15/2021 4:42:21 PM
260,Inserting user,Info,DataStore,12/15/2021 4:42:21 PM
261,Account creation unsuccessful. Account already exi,Error,DataStore,12/15/2021 4:42:21 PM
262,verifying admin,Info,View,12/15/2021 4:42:21 PM
263,verifying admin,Info,View,12/15/2021 4:42:21 PM
264,verifying admin,Info,View,12/15/2021 4:42:21 PM
265,Modifying user,Info,DataStore,12/15/2021 4:42:21 PM
266,User account modification successful.,Error,DataStore,12/15/2021 4:42:21 PM
267,verifying admin,Info,View,12/15/2021 4:42:21 PM
268,Fetching all users.,Info,DataStore,12/15/2021 4:42:21 PM
269,verifying admin,Info,View,12/15/2021 4:42:21 PM
270,verifying admin,Info,View,12/15/2021 4:42:21 PM
271,checking user in database,Info,Data,12/15/2021 4:42:21 PM
272,Inserting user,Info,DataStore,12/15/2021 4:42:21 PM
273,User account record creation successful.,Error,DataStore,12/15/2021 4:42:21 PM
274,Modifying user,Info,DataStore,12/15/2021 4:42:21 PM
275,User account modification successful.,Error,DataStore,12/15/2021 4:42:21 PM
276,verifying admin,Info,View,12/15/2021 4:42:21 PM
277,verifying admin,Info,View,12/15/2021 4:42:41 PM
278,checking user in database,Info,Data,12/15/2021 4:42:41 PM
279,Inserting user,Info,DataStore,12/15/2021 4:42:41 PM
280,Account creation unsuccessful. Account already exi,Error,DataStore,12/15/2021 4:42:41 PM
281,Modifying user,Info,DataStore,12/15/2021 4:42:59 PM
282,verifying admin,Info,View,12/15/2021 4:44:40 PM
283,Test log,Info,Data,12/15/2021 12:00:00 AM
284,checking user in database,Info,Data,12/15/2021 4:44:40 PM
285,Inserting user,Info,DataStore,12/15/2021 4:44:40 PM
286,Test log,Info,Data,12/15/2021 12:00:00 AM
287,Account creation unsuccessful. Account already exi,Error,DataStore,12/15/2021 4:44:40 PM
288,Modifying user,Info,DataStore,12/15/2021 4:44:40 PM
289,User account modification successful.,Error,DataStore,12/15/2021 4:44:40 PM
290,verifying admin,Info,View,12/15/2021 4:44:40 PM
291,checking user in database,Info,Data,12/15/2021 4:44:40 PM
292,verifying admin,Info,View,12/15/2021 4:44:40 PM
293,Unable to export all users to file.,Error,View,12/15/2021 4:44:40 PM
294,verifying admin,Info,View,12/15/2021 4:44:40 PM
295,Modifying user,Info,DataStore,12/15/2021 4:44:40 PM
296,User account modification successful.,Error,DataStore,12/15/2021 4:44:40 PM
297,checking user in database,Info,Data,12/15/2021 4:44:40 PM
298,Inserting user,Info,DataStore,12/15/2021 4:44:40 PM
299,User account record creation successful.,Error,DataStore,12/15/2021 4:44:40 PM
300,verifying admin,Info,View,12/15/2021 4:44:40 PM
301,checking user in database,Info,Data,12/15/2021 4:44:40 PM
302,Inserting user,Info,DataStore,12/15/2021 4:44:40 PM
303,Account creation unsuccessful. Account already exi,Error,DataStore,12/15/2021 4:44:40 PM
304,Modifying user,Info,DataStore,12/15/2021 4:44:40 PM
305,User account modification successful.,Error,DataStore,12/15/2021 4:44:40 PM
306,verifying admin,Info,View,12/15/2021 4:44:40 PM
307,checking user in database,Info,Data,12/15/2021 4:44:40 PM
308,Inserting user,Info,DataStore,12/15/2021 4:44:40 PM
309,Account creation unsuccessful. Account already exi,Error,DataStore,12/15/2021 4:44:40 PM
310,verifying admin,Info,View,12/15/2021 4:44:40 PM
311,verifying admin,Info,View,12/15/2021 4:44:40 PM
312,verifying admin,Info,View,12/15/2021 4:44:40 PM
313,Modifying user,Info,DataStore,12/15/2021 4:44:40 PM
314,User account modification successful.,Error,DataStore,12/15/2021 4:44:40 PM
315,verifying admin,Info,View,12/15/2021 4:44:40 PM
316,Fetching all users.,Info,DataStore,12/15/2021 4:44:40 PM
317,verifying admin,Info,View,12/15/2021 4:44:40 PM
318,verifying admin,Info,View,12/15/2021 4:44:40 PM
319,checking user in database,Info,Data,12/15/2021 4:44:40 PM
320,Inserting user,Info,DataStore,12/15/2021 4:44:40 PM
321,User account record creation successful.,Error,DataStore,12/15/2021 4:44:40 PM
322,Modifying user,Info,DataStore,12/15/2021 4:44:40 PM
323,User account modification successful.,Error,DataStore,12/15/2021 4:44:40 PM
324,verifying admin,Info,View,12/15/2021 4:44:40 PM
